InDate,ExDate,Position,Duration,InSignal,Entry,ExSignal,Exit,DollarBase,Value,TradeRtn,PNL
2000-01-06,2000-01-07,107,1,NDAY,92.6962,PNL,96.7625,10000.0,435.0961,0.0435,435.0961
2000-01-13,2000-01-13,108,0,NDAY,95.9119,PNL,96.2646,10435.0961,38.0909,0.0037,473.187
2000-02-24,2000-02-29,115,3,NDAY,90.746,PNL,91.2439,10473.187,57.2579,0.0055,530.4449
2000-03-09,2000-03-09,115,0,NDAY,91.1194,PNL,93.526,10530.4449,276.7608,0.0263,807.2057
2000-03-16,2000-03-16,114,0,NDAY,94.024,PNL,97.1567,10807.2057,357.1335,0.033,1164.3392
2000-03-30,2000-03-31,111,1,NDAY,99.9412,PNL,100.0868,11164.3392,16.1535,0.0014,1180.4927
2000-04-06,2000-04-06,111,0,NDAY,100.0036,PNL,100.1596,11180.4927,17.3159,0.0015,1197.8086
2000-05-04,2000-05-05,118,1,NDAY,94.5125,PNL,95.5317,11197.8086,120.2637,0.0107,1318.0722
2000-05-11,2000-05-11,121,0,NDAY,93.2646,PNL,94.0342,11318.0722,93.119,0.0082,1411.1912
2000-05-25,2000-05-30,121,2,NDAY,93.639,PNL,94.8454,11411.1912,145.9736,0.0128,1557.1648
2000-06-08,2000-06-13,117,3,NDAY,98.1732,PNL,98.2356,11557.1648,7.2986,0.0006,1564.4634
2000-06-22,2000-06-30,117,6,NDAY,98.4461,EXPIRY,96.9241,11564.4634,-178.0681,-0.0154,1386.3953
2000-07-20,2000-07-20,114,0,NDAY,99.4051,PNL,100.4892,11386.3953,123.5892,0.0109,1509.9845
2000-07-27,2000-08-04,118,6,NDAY,97.362,PNL,97.6539,11509.9845,34.4464,0.003,1544.4309
2000-08-17,2000-08-17,116,0,NDAY,99.1966,PNL,100.1973,11544.4309,116.0838,0.0101,1660.5147
2000-08-24,2000-08-24,115,0,NDAY,100.8436,PNL,100.9479,11660.5147,11.9878,0.001,1672.5025
2000-09-07,2000-09-07,116,0,NDAY,100.2391,PNL,100.6352,11672.5025,45.9499,0.0039,1718.4524
2000-09-14,2000-09-21,117,5,NDAY,99.9889,STOP_OUT,95.4329,11718.4524,-533.0492,-0.0455,1185.4032
2000-09-28,2000-09-28,116,0,NDAY,95.7673,PNL,96.9795,11185.4032,140.6203,0.0126,1326.0235
2000-10-05,2000-10-05,118,0,NDAY,95.9136,PNL,96.4362,11326.0235,61.6573,0.0054,1387.6808
2000-10-12,2000-10-13,124,1,NDAY,91.8171,PNL,92.0052,11387.6808,23.3242,0.002,1411.0049
2000-10-19,2000-10-19,124,0,NDAY,91.5244,PNL,93.1756,11411.0049,204.7438,0.0179,1615.7488
2000-10-26,2000-10-27,126,1,NDAY,91.7125,PNL,93.1547,11615.7488,181.7184,0.0156,1797.4672
2000-11-30,2000-12-04,133,2,NDAY,88.6192,PNL,89.1835,11797.4672,75.0565,0.0064,1872.5237
2000-12-14,2000-12-20,130,4,NDAY,90.8765,STOP_OUT,84.6981,11872.5237,-803.1927,-0.0677,1069.3309
2000-12-21,2000-12-21,130,0,NDAY,84.5304,PNL,85.2851,11069.3309,98.1156,0.0089,1167.4466
2001-01-04,2001-01-12,123,6,NDAY,90.5263,EXPIRY,88.5556,11167.4466,-242.3965,-0.0217,925.05
2001-02-15,2001-02-15,122,0,NDAY,89.1192,PNL,89.4546,10925.05,40.9234,0.0037,965.9735
2001-02-22,2001-02-26,129,2,NDAY,84.7652,PNL,85.6172,10965.9735,109.9115,0.01,1075.8849
2001-03-01,2001-03-01,133,0,NDAY,83.2221,PNL,83.5911,11075.8849,49.0746,0.0044,1124.9595
2001-03-08,2001-03-08,130,0,NDAY,84.9329,PNL,85.2818,11124.9595,45.3512,0.0041,1170.3107
2001-03-22,2001-03-23,148,1,NDAY,75.3538,PNL,77.0086,11170.3107,244.9128,0.0219,1415.2235
2001-04-05,2001-04-05,149,0,NDAY,76.2149,PNL,77.3921,11415.2235,175.4019,0.0154,1590.6254
2001-04-26,2001-04-27,139,1,NDAY,83.231,PNL,84.61,11590.6254,191.6842,0.0165,1782.3097
2001-05-10,2001-05-16,137,4,NDAY,85.6055,PNL,86.7424,11782.3097,155.749,0.0132,1938.0587
2001-05-24,2001-05-24,137,0,NDAY,87.0921,PNL,87.1998,11938.0587,14.7452,0.0012,1952.8038
2001-05-31,2001-05-31,141,0,NDAY,84.3745,PNL,84.7243,11952.8038,49.3211,0.0041,2002.1249
2001-06-21,2001-06-21,145,0,NDAY,82.4491,PNL,83.5284,12002.1249,156.5062,0.013,2158.6311
2001-07-12,2001-07-12,150,0,NDAY,80.6141,PNL,81.7542,12158.6311,171.0099,0.0141,2329.641
2001-07-26,2001-07-26,153,0,NDAY,80.3173,PNL,81.1875,12329.641,133.1449,0.0108,2462.7858
2001-08-16,2001-08-16,156,0,NDAY,79.4673,PNL,80.0407,12462.7858,89.4513,0.0072,2552.2372
2001-08-23,2001-08-24,159,1,NDAY,78.9007,PNL,80.2903,12552.2372,220.9552,0.0176,2773.1924
2001-08-30,2001-09-07,164,5,NDAY,77.4773,STOP_OUT,73.342,12773.1924,-678.1812,-0.0531,2095.0112
2001-09-20,2001-09-24,178,2,NDAY,67.7294,PNL,68.1867,12095.0112,81.3983,0.0067,2176.4096
2001-10-11,2001-10-11,165,0,NDAY,73.7729,PNL,74.4839,12176.4096,117.3122,0.0096,2293.7217
2001-10-25,2001-10-25,168,0,NDAY,72.7572,PNL,74.8699,12293.7217,354.9226,0.0289,2648.6444
2001-11-01,2001-11-01,175,0,NDAY,72.1817,PNL,73.475,12648.6444,226.3295,0.0179,2874.9739
2001-11-29,2001-11-29,167,0,NDAY,76.9622,PNL,77.7816,12874.9739,136.827,0.0106,3011.8009
2001-12-13,2001-12-17,169,2,NDAY,76.82,PNL,77.3956,13011.8009,97.272,0.0075,3109.0729
2001-12-27,2001-12-27,167,0,NDAY,78.3412,PNL,78.8576,13109.0729,86.2365,0.0066,3195.3094
2002-01-03,2002-01-03,167,0,NDAY,78.579,PNL,79.3876,13195.3094,135.0282,0.0102,3330.3377
2002-01-10,2002-01-10,169,0,NDAY,78.6062,PNL,78.8712,13330.3377,44.7829,0.0034,3375.1206
2002-01-24,2002-01-28,173,2,NDAY,77.2133,PNL,77.3628,13375.1206,25.8605,0.0019,3400.9811
2002-01-31,2002-01-31,175,0,NDAY,76.201,PNL,76.9008,13400.9811,122.4719,0.0091,3523.453
2002-02-07,2002-02-08,183,1,NDAY,73.8704,PNL,74.8013,13523.453,170.3457,0.0126,3693.7987
2002-02-21,2002-02-25,183,2,NDAY,74.6926,PNL,75.7253,13693.7987,188.9983,0.0138,3882.797
2002-02-28,2002-03-01,182,1,NDAY,75.9835,PNL,77.2813,13882.797,236.1869,0.017,4118.9838
2002-04-04,2002-04-04,184,0,NDAY,76.7259,PNL,76.7736,14118.9838,8.7765,0.0006,4127.7603
2002-04-11,2002-04-16,183,3,NDAY,76.9235,PNL,77.1347,14127.7603,38.6598,0.0027,4166.4201
2002-04-25,2002-04-25,190,0,NDAY,74.4159,PNL,74.5931,14166.4201,33.6613,0.0024,4200.0814
2002-05-09,2002-05-14,191,3,NDAY,74.0343,PNL,75.1041,14200.0814,204.3353,0.0144,4404.4167
2002-05-23,2002-05-23,193,0,NDAY,74.45,PNL,75.0224,14404.4167,110.4689,0.0077,4514.8855
2002-05-30,2002-05-30,199,0,NDAY,72.6034,PNL,72.91,14514.8855,61.0196,0.0042,4575.9051
2002-06-13,2002-06-17,209,2,NDAY,69.5916,PNL,70.9476,14575.9051,283.4033,0.0194,4859.3084
2002-06-27,2002-06-27,220,0,NDAY,67.353,PNL,67.989,14859.3084,139.9029,0.0094,4999.2113
2002-07-11,2002-07-11,239,0,NDAY,62.7443,PNL,63.5033,14999.2113,181.4018,0.0121,5180.6132
2002-07-18,2002-07-26,244,6,NDAY,62.0195,EXPIRY,58.5322,15180.6132,-850.8991,-0.0561,4329.7141
2002-08-15,2002-08-15,225,0,NDAY,63.4828,PNL,63.9341,14329.7141,101.5424,0.0071,4431.2564
2002-08-22,2002-08-22,221,0,NDAY,65.2948,PNL,66.1085,14431.2564,179.8292,0.0125,4611.0856
2002-08-29,2002-08-29,234,0,NDAY,62.4093,PNL,63.0042,14611.0856,139.2054,0.0095,4750.291
2002-09-05,2002-09-05,243,0,NDAY,60.5083,PNL,60.7066,14750.291,48.1865,0.0033,4798.4775
2002-09-19,2002-09-26,251,5,NDAY,58.7989,PNL,58.8839,14798.4775,21.3362,0.0014,4819.8136
2002-10-31,2002-11-01,240,1,NDAY,61.5832,PNL,62.0021,14819.8136,100.55,0.0068,4920.3636
2002-12-05,2002-12-13,234,6,NDAY,63.6918,EXPIRY,61.3634,14920.3636,-544.8498,-0.0365,4375.5139
2002-12-19,2002-12-20,234,1,NDAY,61.3703,PNL,62.1135,14375.5139,173.9271,0.0121,4549.441
2003-01-09,2003-01-09,229,0,NDAY,63.3767,PNL,64.06,14549.441,156.4815,0.0108,4705.9224
2003-01-23,2003-01-30,240,5,NDAY,61.2577,STOP_OUT,58.2759,14705.9224,-715.6294,-0.0487,3990.2931
2003-02-13,2003-02-13,246,0,NDAY,56.7022,PNL,56.8402,13990.2931,33.9592,0.0024,4024.2523
2003-03-06,2003-03-07,245,1,NDAY,57.1992,PNL,57.5098,14024.2523,76.0977,0.0054,4100.3499
2003-03-13,2003-03-13,248,0,NDAY,56.7229,PNL,57.8825,14100.3499,287.5763,0.0204,4387.9263
2003-04-10,2003-04-10,238,0,NDAY,60.3543,PNL,60.6454,14387.9263,69.2733,0.0048,4457.1996
2003-05-01,2003-05-02,226,1,NDAY,63.7016,PNL,64.5955,14457.1996,202.0327,0.014,4659.2322
2003-05-22,2003-05-22,227,0,NDAY,64.4153,PNL,64.845,14659.2322,97.5343,0.0067,4756.7665
2003-06-19,2003-06-27,209,6,NDAY,70.4376,EXPIRY,67.9239,14756.7665,-525.3584,-0.0356,4231.4081
2003-07-17,2003-07-18,206,1,NDAY,68.9602,PNL,69.2106,14231.4081,51.5775,0.0036,4282.9856
2003-07-31,2003-08-05,205,3,NDAY,69.5375,STOP_OUT,67.0615,14282.9856,-507.5786,-0.0355,3775.407
2003-08-07,2003-08-07,203,0,NDAY,67.5831,PNL,68.1604,13775.407,117.1871,0.0085,3892.5941
2003-09-11,2003-09-11,195,0,NDAY,71.012,PNL,71.1232,13892.5941,21.7,0.0016,3914.2941
2003-10-02,2003-10-02,195,0,NDAY,71.1659,PNL,71.529,13914.2941,70.7959,0.0051,3985.09
2003-11-06,2003-11-06,189,0,NDAY,73.7283,PNL,74.2868,13985.09,105.5655,0.0075,4090.6554
2003-11-20,2003-11-21,194,1,NDAY,72.6111,PNL,72.7577,14090.6554,28.4461,0.002,4119.1016
2003-12-04,2003-12-04,188,0,NDAY,74.8244,PNL,75.1246,14119.1016,56.4412,0.004,4175.5428
2003-12-11,2003-12-11,190,0,NDAY,74.4823,PNL,75.355,14175.5428,165.8187,0.0117,4341.3615
2004-01-15,2004-01-15,180,0,NDAY,79.6674,PNL,79.8147,14341.3615,26.5161,0.0018,4367.8775
2004-01-22,2004-01-26,177,2,NDAY,80.7687,PNL,81.2808,14367.8775,90.641,0.0063,4458.5185
2004-01-29,2004-02-02,181,2,NDAY,79.6604,PNL,79.948,14458.5185,52.0613,0.0036,4510.5798
2004-03-04,2004-03-04,178,0,NDAY,81.1756,PNL,81.365,14510.5798,33.7133,0.0023,4544.293
2004-03-11,2004-03-12,184,1,NDAY,78.8467,PNL,78.9729,14544.293,23.2322,0.0016,4567.5253
2004-03-25,2004-03-25,187,0,NDAY,77.4899,PNL,78.1375,14567.5253,121.1061,0.0083,4688.6314
2004-04-15,2004-04-16,183,1,NDAY,79.8622,PNL,80.1297,14688.6314,48.9485,0.0033,4737.58
2004-04-22,2004-04-22,186,0,NDAY,79.1794,PNL,80.4254,14737.58,231.7518,0.0157,4969.3318
2004-05-06,2004-05-14,189,6,NDAY,78.8556,EXPIRY,77.4618,14969.3318,-263.4335,-0.0176,4705.8983
2004-07-08,2004-07-13,186,3,NDAY,78.9951,PNL,79.0304,14705.8983,6.5696,0.0004,4712.4679
2004-07-15,2004-07-23,186,6,NDAY,78.9456,EXPIRY,76.9815,14712.4679,-365.3246,-0.0248,4347.1433
2004-08-05,2004-08-13,184,6,NDAY,77.9212,EXPIRY,75.731,14347.1433,-402.9963,-0.0281,3944.147
2004-08-26,2004-08-26,177,0,NDAY,78.3945,PNL,78.4934,13944.147,17.5074,0.0013,3961.6544
2004-10-21,2004-10-21,177,0,NDAY,78.6002,PNL,78.9195,13961.6544,56.5079,0.004,4018.1623
2004-11-04,2004-11-04,172,0,NDAY,81.431,PNL,82.6867,14018.1623,215.9857,0.0154,4234.148
2004-11-11,2004-11-11,171,0,NDAY,83.1336,PNL,83.6161,14234.148,82.4951,0.0058,4316.6432
2004-11-18,2004-11-18,169,0,NDAY,84.3406,PNL,84.49,14316.6432,25.2531,0.0018,4341.8962
2004-12-02,2004-12-02,169,0,NDAY,84.7462,PNL,84.9099,14341.8962,27.6581,0.0019,4369.5544
2004-12-09,2004-12-09,170,0,NDAY,84.0631,PNL,84.8245,14369.5544,129.4319,0.009,4498.9863
2005-01-06,2005-01-06,171,0,NDAY,84.6747,PNL,84.7962,14498.9863,20.7826,0.0014,4519.7689
2005-01-13,2005-01-18,171,2,NDAY,84.8177,PNL,85.411,14519.7689,101.4655,0.007,4621.2343
2005-01-27,2005-01-27,174,0,NDAY,83.781,PNL,83.9526,14621.2343,29.8549,0.002,4651.0892
2005-02-24,2005-02-24,171,0,NDAY,85.2466,PNL,85.9615,14651.0892,122.2507,0.0083,4773.3399
2005-03-10,2005-03-10,170,0,NDAY,86.6478,PNL,86.6764,14773.3399,4.8614,0.0003,4778.2013
2005-03-17,2005-03-17,173,0,NDAY,85.2967,PNL,85.3324,14778.2013,6.184,0.0004,4784.3854
2005-03-24,2005-03-30,175,3,NDAY,84.3039,PNL,84.8207,14784.3854,90.4309,0.0061,4874.8163
2005-03-31,2005-04-05,175,3,NDAY,84.8278,PNL,84.8279,14874.8163,0.0023,0.0,4874.8186
2005-04-28,2005-04-29,179,1,NDAY,82.7321,PNL,83.0766,14874.8186,61.6682,0.0041,4936.4869
2005-05-12,2005-05-17,177,3,NDAY,84.2034,PNL,84.39,14936.4869,33.0295,0.0022,4969.5164
2005-06-02,2005-06-02,173,0,NDAY,86.292,PNL,86.6724,14969.5164,65.8082,0.0044,5035.3245
2005-06-09,2005-06-09,174,0,NDAY,85.9403,PNL,86.4714,15035.3245,92.4142,0.0061,5127.7387
2005-06-23,2005-07-01,173,6,NDAY,87.4258,EXPIRY,86.1358,15127.7387,-223.1626,-0.0148,4904.5761
2005-08-18,2005-08-18,169,0,NDAY,87.9518,PNL,88.0527,14904.5761,17.0499,0.0011,4921.626
2005-08-25,2005-08-25,170,0,NDAY,87.4474,PNL,87.6203,14921.626,29.4013,0.002,4951.0273
2005-09-01,2005-09-06,169,2,NDAY,88.2905,PNL,89.1408,14951.0273,143.7094,0.0096,5094.7367
2005-09-15,2005-09-16,169,1,NDAY,89.0616,PNL,89.3755,15094.7367,53.057,0.0035,5147.7937
2005-09-22,2005-09-22,173,0,NDAY,87.5301,PNL,87.8124,15147.7937,48.8273,0.0032,5196.621
2005-10-06,2005-10-14,175,6,NDAY,86.6834,EXPIRY,85.8801,15196.621,-140.5757,-0.0093,5056.0453
2005-10-20,2005-10-24,174,2,NDAY,86.4735,PNL,86.8137,15056.0453,59.1838,0.0039,5115.2291
2005-11-03,2005-11-03,170,0,NDAY,88.3986,PNL,88.4854,15115.2291,14.7632,0.001,5129.9924
2005-11-17,2005-11-17,169,0,NDAY,89.5058,PNL,90.2006,15129.9924,117.4112,0.0078,5247.4036
2005-12-01,2005-12-01,167,0,NDAY,91.1992,PNL,91.6841,15247.4036,80.9735,0.0053,5328.3771
2005-12-08,2005-12-09,167,1,NDAY,91.344,PNL,91.4236,15328.3771,13.298,0.0009,5341.6751
2005-12-22,2005-12-22,166,0,NDAY,91.8937,PNL,92.1701,15341.6751,45.8923,0.003,5387.5674
2005-12-29,2006-01-03,168,2,NDAY,91.4644,PNL,92.1774,15387.5674,119.7809,0.0078,5507.3483
2006-01-26,2006-01-26,167,0,NDAY,92.5776,PNL,92.6576,15507.3483,13.3646,0.0009,5520.713
2006-02-02,2006-02-10,166,6,NDAY,93.196,EXPIRY,92.1338,15520.713,-176.3281,-0.0114,5344.3849
2006-02-23,2006-02-24,163,1,NDAY,94.0471,PNL,94.149,15344.3849,16.6032,0.0011,5360.9881
2006-03-02,2006-03-02,163,0,NDAY,93.778,PNL,94.1126,15360.9881,54.551,0.0036,5415.5391
2006-03-23,2006-03-31,162,6,NDAY,95.1442,EXPIRY,94.8302,15415.5391,-50.8786,-0.0033,5364.6605
2006-04-13,2006-04-13,163,0,NDAY,93.9244,PNL,94.0121,15364.6605,14.2882,0.0009,5378.9487
2006-04-27,2006-04-27,162,0,NDAY,94.8813,PNL,95.7066,15378.9487,133.7114,0.0087,5512.6601
2006-05-18,2006-05-25,166,5,NDAY,93.0187,PNL,93.2963,15512.6601,46.0706,0.003,5558.7307
2006-06-01,2006-06-01,167,0,NDAY,93.0406,PNL,94.0267,15558.7307,164.6727,0.0106,5723.4034
2006-06-08,2006-06-08,171,0,NDAY,91.7259,PNL,91.8501,15723.4034,21.2333,0.0014,5744.6367
2006-06-15,2006-06-15,173,0,NDAY,90.5353,PNL,92.1203,15744.6367,274.2062,0.0174,6018.8429
2006-06-29,2006-06-29,174,0,NDAY,91.8525,PNL,93.3712,16018.8429,264.2448,0.0165,6283.0877
2006-08-03,2006-08-03,174,0,NDAY,93.4225,PNL,94.2149,16283.0877,137.8668,0.0085,6420.9545
2006-08-10,2006-08-10,176,0,NDAY,92.865,PNL,93.4445,16420.9545,102.0062,0.0062,6522.9607
2006-09-21,2006-09-26,169,3,NDAY,97.7167,PNL,98.4315,16522.9607,120.7917,0.0073,6643.7525
2006-10-19,2006-10-19,165,0,NDAY,100.5021,PNL,100.8116,16643.7525,51.0653,0.0031,6694.8178
2006-11-02,2006-11-02,165,0,NDAY,100.5905,PNL,100.7895,16694.8178,32.8289,0.002,6727.6467
2007-01-04,2007-01-04,159,0,NDAY,104.6484,PNL,104.9744,16727.6467,51.8388,0.0031,6779.4855
2007-01-11,2007-01-11,159,0,NDAY,104.9078,PNL,105.3376,16779.4855,68.3331,0.0041,6847.8186
2007-01-18,2007-01-24,158,4,NDAY,106.0859,PNL,106.6639,16847.8186,91.3155,0.0054,6939.1341
2007-02-08,2007-02-08,157,0,NDAY,107.2789,PNL,107.4567,16939.1341,27.9201,0.0016,6967.0541
2007-03-01,2007-03-01,164,0,NDAY,103.248,PNL,104.1149,16967.0541,142.1778,0.0084,7109.2319
2007-03-15,2007-03-15,166,0,NDAY,102.9738,PNL,103.3443,17109.2319,61.5012,0.0036,7170.7332
2007-03-29,2007-04-03,161,3,NDAY,106.038,PNL,106.8935,17170.7332,137.7362,0.008,7308.4694
2007-04-26,2007-04-26,155,0,NDAY,111.2082,PNL,111.3273,17308.4694,18.4469,0.0011,7326.9162
2007-05-17,2007-05-18,153,1,NDAY,112.6143,PNL,113.5367,17326.9162,141.1343,0.0081,7468.0506
2007-05-24,2007-05-30,153,3,NDAY,113.4698,PNL,114.1765,17468.0506,108.1222,0.0062,7576.1727
2007-06-07,2007-06-13,155,4,NDAY,112.7481,PNL,112.9936,17576.1727,38.0525,0.0022,7614.2252
2007-06-14,2007-06-14,155,0,NDAY,113.1201,PNL,113.7153,17614.2252,92.2458,0.0052,7706.471
2007-06-28,2007-06-29,157,1,NDAY,112.3525,PNL,112.3898,17706.471,5.8624,0.0003,7712.3334
2007-07-12,2007-07-12,155,0,NDAY,113.8392,PNL,115.3484,17712.3334,233.9244,0.0132,7946.2578
2007-07-19,2007-07-24,154,3,NDAY,115.9536,STOP_OUT,113.0399,17946.2578,-448.7204,-0.025,7497.5375
2007-07-26,2007-07-27,155,1,NDAY,112.2105,STOP_OUT,108.4152,17497.5375,-588.2821,-0.0336,6909.2553
2007-08-02,2007-08-02,154,0,NDAY,109.6479,PNL,110.2755,16909.2553,96.6502,0.0057,7005.9056
2007-08-16,2007-08-16,162,0,NDAY,104.4405,PNL,106.1663,17005.9056,279.5912,0.0164,7285.4968
2007-08-30,2007-08-30,159,0,NDAY,108.6692,PNL,109.1922,17285.4968,83.1537,0.0048,7368.6505
2007-10-04,2007-10-05,150,1,NDAY,115.6854,PNL,116.9916,17368.6505,195.9315,0.0113,7564.582
2007-10-18,2007-10-18,152,0,NDAY,115.1901,PNL,115.3702,17564.582,27.3844,0.0016,7591.9664
2007-11-01,2007-11-09,152,6,NDAY,115.0699,EXPIRY,108.952,17591.9664,-929.9273,-0.0529,6662.039
2007-12-06,2007-12-06,149,0,NDAY,111.5718,PNL,113.3059,16662.039,258.3726,0.0155,6920.4116
2007-12-13,2007-12-13,151,0,NDAY,111.3392,PNL,111.8946,16920.4116,83.8786,0.005,7004.2901
2007-12-20,2007-12-21,154,1,NDAY,110.2282,PNL,111.7866,17004.2901,240.0049,0.0141,7244.295
2008-01-03,2008-01-11,157,6,NDAY,109.3566,EXPIRY,105.7645,17244.295,-563.9648,-0.0327,6680.3302
2008-01-17,2008-01-28,160,6,NDAY,103.9987,EXPIRY,102.0592,16680.3302,-310.3129,-0.0186,6370.0174
2008-01-31,2008-01-31,162,0,NDAY,100.6706,PNL,103.6666,16370.0174,485.3483,0.0296,6855.3656
2008-02-07,2008-02-07,169,0,NDAY,99.4632,PNL,101.0706,16855.3656,271.6509,0.0161,7127.0165
2008-02-21,2008-02-25,166,2,NDAY,103.1307,PNL,103.6364,17127.0165,83.9417,0.0049,7210.9582
2008-03-27,2008-04-01,169,3,NDAY,101.7757,PNL,103.6034,17210.9582,308.8862,0.0179,7519.8444
2008-04-17,2008-04-17,169,0,NDAY,103.156,PNL,103.9372,17519.8444,132.0127,0.0075,7651.8571
2008-04-24,2008-04-24,168,0,NDAY,104.7183,PNL,104.9003,17651.8571,30.5795,0.0017,7682.4366
2008-05-01,2008-05-01,168,0,NDAY,104.9458,PNL,107.0237,17682.4366,349.1012,0.0197,8031.5379
2008-05-15,2008-05-15,168,0,NDAY,106.9631,PNL,108.0931,18031.5379,189.841,0.0105,8221.3789
2008-05-22,2008-05-22,172,0,NDAY,105.7421,PNL,105.8027,18221.3789,10.4354,0.0006,8231.8143
2008-06-05,2008-06-05,173,0,NDAY,105.0974,PNL,106.7659,18231.8143,288.6425,0.0158,8520.4569
2008-06-19,2008-06-19,182,0,NDAY,101.7378,PNL,101.9426,18520.4569,37.2686,0.002,8557.7254
2008-07-17,2008-07-17,194,0,NDAY,95.3794,PNL,95.4252,18557.7254,8.8718,0.0005,8566.5972
2008-08-14,2008-08-14,190,0,NDAY,97.4373,PNL,98.733,18566.5972,246.1833,0.0133,8812.7805
2008-08-21,2008-08-21,194,0,NDAY,96.6065,PNL,97.4068,18812.7805,155.2564,0.0083,8968.0369
2008-09-04,2008-09-08,196,2,NDAY,96.7742,PNL,96.7894,18968.0369,2.9862,0.0002,8971.0232
2008-09-11,2008-09-11,203,0,NDAY,93.0776,PNL,95.6614,18971.0232,524.5107,0.0276,9495.5338
2008-09-25,2008-09-25,212,0,NDAY,91.5312,PNL,92.5968,19495.5338,225.8997,0.0116,9721.4335
2008-10-09,2008-10-13,258,2,NDAY,76.3987,PNL,77.6942,19721.4335,334.2533,0.0169,10055.6868
2008-10-16,2008-10-16,286,0,NDAY,69.9823,PNL,71.8835,20055.6868,543.7293,0.0271,10599.4161
2008-10-23,2008-10-23,297,0,NDAY,69.2157,PNL,70.289,20599.4161,318.7495,0.0155,10918.1657
2008-11-13,2008-11-13,316,0,NDAY,66.0267,PNL,69.8903,20918.1657,1220.9068,0.0584,12139.0724
2008-12-11,2008-12-16,322,3,NDAY,68.6408,PNL,70.4346,22139.0724,577.6232,0.0261,12716.6956
2009-01-08,2009-01-08,326,0,NDAY,69.6771,PNL,70.3572,22716.6956,221.7056,0.0098,12938.4012
2009-01-22,2009-01-22,360,0,NDAY,63.6955,PNL,63.9506,22938.4012,91.8106,0.004,13030.2118
2009-02-12,2009-02-12,362,0,NDAY,63.5023,PNL,64.6538,23030.2118,416.8418,0.0181,13447.0536
2009-02-19,2009-02-27,380,6,NDAY,61.7017,EXPIRY,57.1343,23447.0536,-1735.5911,-0.074,11711.4625
2009-03-05,2009-03-10,400,3,NDAY,54.1744,PNL,55.7742,21711.4625,639.8954,0.0295,12351.3578
2009-03-26,2009-03-26,349,0,NDAY,64.0191,PNL,64.6885,22351.3578,233.6133,0.0105,12584.9712
2009-04-02,2009-04-02,349,0,NDAY,64.6652,PNL,64.9376,22584.9712,95.0752,0.0042,12680.0464
2009-04-09,2009-04-09,344,0,NDAY,65.9027,PNL,66.79,22680.0464,305.2369,0.0135,12985.2832
2009-04-16,2009-04-16,343,0,NDAY,66.8834,PNL,67.3271,22985.2832,152.1748,0.0066,13137.458
2009-05-14,2009-05-14,335,0,NDAY,69.055,PNL,69.6155,23137.458,187.7376,0.0081,13325.1956
2009-05-21,2009-05-26,334,2,NDAY,69.631,PNL,71.0632,23325.1956,478.3458,0.0205,13803.5414
2009-06-11,2009-06-11,323,0,NDAY,73.6161,PNL,73.803,23803.5414,60.3375,0.0025,13863.8789
2009-06-18,2009-06-18,334,0,NDAY,71.3667,PNL,71.7792,23863.8789,137.7831,0.0058,14001.6621
2009-06-25,2009-06-25,341,0,NDAY,70.1887,PNL,72.0751,24001.6621,643.2671,0.0268,14644.9292
2009-07-02,2009-07-13,345,6,NDAY,71.3315,EXPIRY,70.5253,24644.9292,-278.1504,-0.0113,14366.7788
2009-07-23,2009-07-23,325,0,NDAY,74.8382,PNL,76.4428,24366.7788,521.5036,0.0214,14888.2824
2009-08-13,2009-08-13,314,0,NDAY,79.2607,PNL,79.5034,24888.2824,76.1924,0.0031,14964.4748
2009-08-27,2009-08-27,309,0,NDAY,80.7088,PNL,80.9358,24964.4748,70.1417,0.0028,15034.6165
2009-09-03,2009-09-03,318,0,NDAY,78.5875,PNL,78.7832,25034.6165,62.2282,0.0025,15096.8447
2009-09-10,2009-09-10,308,0,NDAY,81.2489,PNL,82.0238,25096.8447,238.6745,0.0095,15335.5192
2009-09-24,2009-10-02,302,6,NDAY,83.6886,EXPIRY,80.6056,25335.5192,-931.0637,-0.0367,14404.4555
2009-10-22,2009-10-22,286,0,NDAY,85.0885,PNL,85.9851,24404.4555,256.4217,0.0105,14660.8772
2009-10-29,2009-10-29,298,0,NDAY,82.7291,PNL,83.8774,24660.8772,342.1787,0.0139,15003.056
2009-12-10,2009-12-11,287,1,NDAY,87.0625,PNL,87.385,25003.056,92.5465,0.0037,15095.6024
2009-12-17,2009-12-18,288,1,NDAY,87.0783,PNL,87.1438,25095.6024,18.8797,0.0008,15114.4822
2009-12-31,2010-01-04,281,1,NDAY,89.168,PNL,89.6108,25114.4822,124.4182,0.005,15238.9004
2010-01-14,2010-01-14,278,0,NDAY,90.528,PNL,90.876,25238.9004,96.7193,0.0038,15335.6197
2010-01-28,2010-02-02,290,3,NDAY,87.128,PNL,87.2782,25335.6197,43.571,0.0017,15379.1907
2010-02-25,2010-02-25,293,0,NDAY,86.3768,PNL,87.5075,25379.1907,331.2983,0.0131,15710.489
2010-03-04,2010-03-04,289,0,NDAY,88.915,PNL,89.0653,25710.489,43.4177,0.0017,15753.9067
2010-04-01,2010-04-05,275,1,NDAY,93.5289,PNL,94.2911,25753.9067,209.6133,0.0081,15963.52
2010-04-29,2010-04-29,272,0,NDAY,95.355,PNL,95.9584,25963.52,164.1281,0.0063,16127.6481
2010-05-06,2010-05-12,283,4,NDAY,92.3061,PNL,93.251,26127.6481,267.3876,0.0102,16395.0357
2010-05-20,2010-05-27,303,5,NDAY,86.8437,PNL,87.9394,26395.0357,331.9903,0.0126,16727.026
2010-06-03,2010-06-03,304,0,NDAY,87.852,PNL,87.8997,26727.026,14.4819,0.0005,16741.5079
2010-06-24,2010-07-02,308,6,NDAY,86.7064,EXPIRY,81.5291,26741.5079,-1594.6085,-0.0596,15146.8994
2010-07-08,2010-07-08,294,0,NDAY,85.3583,PNL,85.4859,25146.8994,37.5257,0.0015,15184.4251
2010-07-29,2010-08-02,283,2,NDAY,88.964,PNL,89.9532,25184.4251,279.9519,0.0111,15464.377
2010-08-05,2010-08-05,284,0,NDAY,89.5464,PNL,90.025,25464.377,135.935,0.0053,15600.3119
2010-08-26,2010-08-27,301,1,NDAY,84.9115,PNL,85.2466,25600.3119,100.8451,0.0039,15701.157
2010-09-09,2010-09-13,288,2,NDAY,89.0677,PNL,89.9213,25701.157,245.8337,0.0096,15946.9908
2010-09-23,2010-09-23,287,0,NDAY,90.2183,PNL,90.2263,25946.9908,2.3018,0.0001,15949.2926
2010-10-21,2010-10-25,273,2,NDAY,94.9582,PNL,95.1988,25949.2926,65.6857,0.0025,16014.9782
2010-11-11,2010-11-11,267,0,NDAY,97.0835,PNL,97.5567,26014.9782,126.3409,0.0049,16141.3191
2010-11-18,2010-11-18,273,0,NDAY,95.7281,PNL,96.2093,26141.3191,131.3695,0.005,16272.6886
2010-12-09,2010-12-10,264,1,NDAY,99.4254,PNL,99.8344,26272.6886,107.9859,0.0041,16380.6745
2010-12-16,2010-12-16,264,0,NDAY,99.5938,PNL,100.1071,26380.6745,135.5078,0.0051,16516.1824
2010-12-30,2011-01-03,261,2,NDAY,101.4236,PNL,102.4314,26516.1824,263.0258,0.0099,16779.2081
2011-01-06,2011-01-12,260,4,NDAY,102.9474,PNL,103.665,26779.2081,186.5633,0.007,16965.7715
2011-01-13,2011-01-14,260,1,NDAY,103.7053,PNL,104.2454,26965.7715,140.4469,0.0052,17106.2184
2011-02-17,2011-02-17,251,0,NDAY,107.5994,PNL,108.2363,27106.2184,159.8652,0.0059,17266.0836
2011-02-24,2011-02-24,258,0,NDAY,105.5193,PNL,105.5596,27266.0836,10.3983,0.0004,17276.4818
2011-03-03,2011-03-03,255,0,NDAY,106.7447,PNL,107.6074,27276.4818,219.9817,0.0081,17496.4635
2011-03-24,2011-03-24,260,0,NDAY,105.589,PNL,105.9939,27496.4635,105.2651,0.0038,17601.7286
2011-04-14,2011-04-14,260,0,NDAY,105.832,PNL,106.5283,27601.7286,181.056,0.0066,17782.7847
2011-05-05,2011-05-06,255,1,NDAY,108.5688,PNL,108.666,27782.7847,24.7748,0.0009,17807.5595
2011-05-26,2011-05-26,260,0,NDAY,106.9089,PNL,107.6943,27807.5595,204.2143,0.0073,18011.7738
2011-06-09,2011-06-09,268,0,NDAY,104.2692,PNL,104.7793,28011.7738,136.7129,0.0049,18148.4868
2011-07-14,2011-07-19,261,3,NDAY,107.5528,PNL,108.0085,28148.4868,118.9447,0.0042,18267.4315
2011-07-28,2011-08-02,265,3,NDAY,106.2753,STOP_OUT,102.117,28267.4315,-1101.9314,-0.039,17165.5001
2011-08-04,2011-08-08,268,2,NDAY,101.2463,STOP_OUT,91.3511,27165.5001,-2651.8929,-0.0976,14513.6072
2011-09-22,2011-09-23,264,1,NDAY,92.6335,PNL,92.8707,24513.6072,62.6174,0.0026,14576.2246
2011-09-29,2011-10-07,256,6,NDAY,95.7418,EXPIRY,94.6457,24576.2246,-280.5955,-0.0114,14295.6291
2011-10-27,2011-10-27,232,0,NDAY,104.3957,PNL,105.2137,24295.6291,189.7658,0.0078,14485.3949
2011-11-03,2011-11-03,238,0,NDAY,102.4654,PNL,103.267,24485.3949,190.7801,0.0078,14676.175
2011-12-15,2011-12-20,245,3,NDAY,100.6332,PNL,102.0122,24676.175,337.8641,0.0137,15014.0391
2012-01-05,2012-01-05,239,0,NDAY,104.5475,PNL,105.3953,25014.0391,202.6313,0.0081,15216.6704
2012-01-12,2012-01-18,236,3,NDAY,106.6547,PNL,107.6425,25216.6704,233.1196,0.0092,15449.79
2012-01-19,2012-01-19,235,0,NDAY,108.0129,PNL,108.2105,25449.79,46.4272,0.0018,15496.2172
2012-02-02,2012-02-03,233,1,NDAY,109.2558,PNL,110.7458,25496.2172,347.1501,0.0136,15843.3673
2012-02-23,2012-02-23,230,0,NDAY,111.9146,PNL,112.4661,25843.3673,126.8445,0.0049,15970.2119
2012-03-08,2012-03-08,231,0,NDAY,112.3756,PNL,112.8036,25970.2119,98.8741,0.0038,16069.086
2012-03-29,2012-03-29,225,0,NDAY,115.4475,PNL,115.9353,26069.086,109.7512,0.0042,16178.8372
2012-04-05,2012-04-05,227,0,NDAY,115.2326,PNL,115.5715,26178.8372,76.9438,0.0029,16255.781
2012-04-12,2012-04-12,231,0,NDAY,113.3724,PNL,114.7448,26255.781,317.0241,0.0121,16572.8051
2012-05-17,2012-05-25,241,6,NDAY,109.8421,EXPIRY,109.2138,26572.8051,-151.428,-0.0057,16421.3771
2012-07-12,2012-07-12,238,0,NDAY,110.8434,PNL,110.9514,26421.3771,25.7102,0.001,16447.0874
2012-07-26,2012-07-26,234,0,NDAY,112.9294,PNL,113.162,26447.0874,54.4494,0.0021,16501.5368
2012-08-02,2012-08-02,233,0,NDAY,113.4778,PNL,113.5526,26501.5368,17.4268,0.0007,16518.9636
2012-08-16,2012-08-16,226,0,NDAY,117.3005,PNL,117.9986,26518.9636,157.7674,0.0059,16676.7309
2012-08-23,2012-08-24,226,1,NDAY,117.5665,PNL,117.5997,26676.7309,7.5104,0.0003,16684.2413
2012-09-06,2012-09-06,226,0,NDAY,117.8075,PNL,119.4779,26684.2413,377.5078,0.0141,17061.7491
2012-09-27,2012-09-27,225,0,NDAY,120.2159,PNL,120.8425,27061.7491,140.9857,0.0052,17202.7348
2012-10-04,2012-10-04,223,0,NDAY,121.678,PNL,122.0874,27202.7348,91.2919,0.0034,17294.0267
2012-10-11,2012-10-16,226,3,NDAY,120.5418,PNL,121.5944,27294.0267,237.9049,0.0087,17531.9316
2012-10-25,2012-11-01,232,3,NDAY,118.6536,PNL,119.3304,27531.9316,157.0115,0.0057,17688.9432
2012-11-29,2012-11-29,233,0,NDAY,118.6285,PNL,118.7371,27688.9432,25.3045,0.0009,17714.2476
2012-12-06,2012-12-06,234,0,NDAY,118.1105,PNL,118.6202,27714.2476,119.2551,0.0043,17833.5027
2012-12-27,2012-12-31,233,2,NDAY,119.3016,PNL,119.8233,27833.5027,121.5625,0.0044,17955.0652
2013-01-10,2013-01-10,226,0,NDAY,123.4581,PNL,123.7526,27955.0652,66.5545,0.0024,18021.6197
2013-03-14,2013-03-14,213,0,NDAY,131.5187,PNL,131.8721,28021.6197,75.2713,0.0027,18096.891
2013-03-21,2013-03-22,214,1,NDAY,130.7937,PNL,131.5036,28096.891,151.9235,0.0054,18248.8145
2013-05-30,2013-05-30,202,0,NDAY,139.7437,PNL,140.1493,28248.8145,81.9429,0.0029,18330.7574
2013-06-06,2013-06-06,207,0,NDAY,136.2364,PNL,137.5294,28330.7574,267.6639,0.0094,18598.4213
2013-06-13,2013-06-13,209,0,NDAY,136.6251,PNL,138.7802,28598.4213,450.4185,0.0157,19048.8398
2013-07-18,2013-07-18,203,0,NDAY,142.9979,PNL,143.4737,29048.8398,96.5837,0.0033,19145.4235
2013-07-25,2013-07-25,203,0,NDAY,142.9215,PNL,143.5247,29145.4235,122.4526,0.0042,19267.8761
2013-08-01,2013-08-01,202,0,NDAY,144.4253,PNL,144.9945,29267.8761,114.9846,0.0039,19382.8607
2013-08-08,2013-08-16,203,6,NDAY,144.4168,EXPIRY,140.8909,29382.8607,-715.7658,-0.0244,18667.0949
2013-08-29,2013-08-29,206,0,NDAY,138.9539,PNL,139.4806,28667.0949,108.5123,0.0038,18775.6072
2013-09-05,2013-09-05,204,0,NDAY,140.908,PNL,141.0014,28775.6072,19.0653,0.0007,18794.6725
2013-09-26,2013-09-26,199,0,NDAY,144.5573,PNL,144.8732,28794.6725,62.8601,0.0022,18857.5325
2013-10-10,2013-10-10,202,0,NDAY,142.8241,PNL,144.4292,28857.5325,324.2225,0.0112,19181.7551
2013-10-17,2013-10-17,199,0,NDAY,146.3075,PNL,147.8869,29181.7551,314.3088,0.0108,19496.0638
2013-11-21,2013-11-21,193,0,NDAY,152.796,PNL,153.5985,29496.0638,154.8877,0.0053,19650.9515
2013-12-05,2013-12-06,193,1,NDAY,153.1716,PNL,154.4779,29650.9515,252.1095,0.0085,19903.061
2013-12-12,2013-12-16,196,2,NDAY,152.5142,PNL,153.0094,29903.061,97.0526,0.0032,20000.1136
2013-12-19,2013-12-19,193,0,NDAY,154.6828,PNL,154.9475,30000.1136,51.0833,0.0017,20051.1969
2014-01-02,2014-01-10,190,6,NDAY,157.9261,PNL,158.0634,30051.1969,26.0888,0.0009,20077.2857
2014-01-23,2014-01-31,191,6,NDAY,157.4024,EXPIRY,152.9474,30077.2857,-850.896,-0.0283,19226.3897
2014-02-27,2014-02-27,184,0,NDAY,158.4411,PNL,159.5055,29226.3897,195.8512,0.0067,19422.2409
2014-03-13,2014-03-21,182,6,NDAY,161.2394,EXPIRY,160.5371,29422.2409,-127.8311,-0.0043,19294.4099
2014-03-27,2014-03-28,183,1,NDAY,159.2869,PNL,159.925,29294.4099,116.7577,0.004,19411.1676
2014-05-08,2014-05-09,181,1,NDAY,161.839,PNL,162.0545,29411.1676,39.0069,0.0013,19450.1744
2014-05-15,2014-05-19,181,2,NDAY,162.6753,PNL,162.727,29450.1744,9.3641,0.0003,19459.5385
2014-05-22,2014-05-22,180,0,NDAY,163.1064,PNL,163.4599,29459.5385,63.6301,0.0022,19523.1686
2014-06-26,2014-06-27,174,1,NDAY,169.4583,PNL,169.6402,29523.1686,31.6467,0.0011,19554.8154
2014-07-10,2014-07-10,174,0,NDAY,169.1204,PNL,170.0907,29554.8154,168.8259,0.0057,19723.6412
2014-07-17,2014-07-18,173,1,NDAY,170.9657,PNL,171.2775,29723.6412,53.953,0.0018,19777.5942
2014-07-31,2014-08-08,175,6,NDAY,169.4583,EXPIRY,167.4052,29777.5942,-359.2983,-0.0121,19418.2959
2014-08-14,2014-08-14,174,0,NDAY,169.0685,PNL,169.5882,29418.2959,90.4409,0.0031,19508.7368
2014-09-04,2014-09-05,169,1,NDAY,173.989,PNL,174.223,29508.7368,39.5334,0.0013,19548.2702
2014-09-11,2014-09-11,171,0,NDAY,172.629,PNL,173.5213,29548.2702,152.5827,0.0052,19700.8528
2014-09-25,2014-10-03,171,6,NDAY,173.2357,EXPIRY,171.0424,29700.8528,-375.0532,-0.0126,19325.7997
2014-10-09,2014-10-13,171,2,NDAY,170.8771,STOP_OUT,163.1135,29325.7997,-1327.5689,-0.0453,17998.2308
2014-10-16,2014-10-16,175,0,NDAY,159.3274,PNL,162.1213,27998.2308,488.9227,0.0175,18487.1535
2014-11-06,2014-11-06,161,0,NDAY,176.1514,PNL,176.8129,28487.1535,106.4954,0.0037,18593.6489
2014-12-18,2014-12-18,160,0,NDAY,178.1968,PNL,179.9723,28593.6489,284.083,0.0099,18877.7319
2015-01-08,2015-01-08,161,0,NDAY,178.5414,PNL,180.1955,28877.7319,266.3025,0.0092,19144.0344
2015-01-15,2015-01-20,165,2,NDAY,176.4586,PNL,176.8348,29144.0344,62.0881,0.0021,19206.1225
2015-01-22,2015-01-22,163,0,NDAY,178.5239,PNL,180.3705,29206.1225,300.9938,0.0103,19507.1163
2015-01-29,2015-01-29,168,0,NDAY,175.3646,PNL,176.7736,29507.1163,236.7148,0.008,19743.8312
2015-03-05,2015-03-13,161,6,NDAY,184.3262,EXPIRY,180.1342,29743.8312,-674.9083,-0.0227,19068.9229
2015-03-26,2015-03-26,161,0,NDAY,180.1735,PNL,180.446,29068.9229,43.8728,0.0015,19112.7957
2015-04-02,2015-04-02,161,0,NDAY,180.7537,PNL,181.4745,29112.7957,116.0544,0.004,19228.8501
2015-04-09,2015-04-09,160,0,NDAY,182.6525,PNL,183.637,29228.8501,157.5274,0.0054,19386.3774
2015-04-23,2015-04-23,159,0,NDAY,184.7359,PNL,185.6237,29386.3774,141.1707,0.0048,19527.5481
2015-05-07,2015-05-07,161,0,NDAY,182.7755,PNL,183.6106,29527.5481,134.4532,0.0046,19662.0014
2015-05-21,2015-05-21,158,0,NDAY,186.9863,PNL,187.6807,29662.0014,109.7237,0.0037,19771.7251
2015-05-28,2015-05-28,159,0,NDAY,186.6522,PNL,186.7665,29771.7251,18.1717,0.0006,19789.8968
2015-06-25,2015-06-29,159,2,NDAY,186.4736,STOP_OUT,181.4562,29789.8968,-797.764,-0.0268,18992.1328
2015-07-02,2015-07-13,157,6,NDAY,183.7971,PNL,185.2988,28992.1328,235.7592,0.0081,19227.8919
2015-07-23,2015-07-31,156,6,NDAY,186.8534,EXPIRY,185.9436,29227.8919,-141.9243,-0.0049,19085.9677
2015-08-06,2015-08-10,156,2,NDAY,185.7581,PNL,186.0055,29085.9677,38.5902,0.0013,19124.5579
2015-08-13,2015-08-14,157,1,NDAY,184.3801,PNL,184.9896,29124.5579,95.6956,0.0033,19220.2535
2015-08-20,2015-08-21,160,1,NDAY,182.4191,STOP_OUT,174.7517,29220.2535,-1226.7842,-0.042,17993.4693
2015-08-27,2015-08-27,160,0,NDAY,174.0362,PNL,176.0237,27993.4693,318.0033,0.0114,18311.4726
2015-09-03,2015-09-08,163,2,NDAY,173.3648,PNL,174.3983,28311.4726,168.4647,0.006,18479.9373
2015-10-01,2015-10-01,166,0,NDAY,170.5545,PNL,170.5989,28479.9373,7.3699,0.0003,18487.3071
2015-10-08,2015-10-08,161,0,NDAY,176.6547,PNL,178.6614,28487.3071,323.0855,0.0113,18810.3926
2015-10-15,2015-10-15,162,0,NDAY,177.658,PNL,179.6736,28810.3926,326.5305,0.0113,19136.9231
2015-11-19,2015-11-20,157,1,NDAY,185.2143,PNL,185.8537,29136.9231,100.3736,0.0034,19237.2968
2016-01-07,2016-01-13,167,4,NDAY,174.4726,STOP_OUT,168.6666,29237.2968,-969.5955,-0.0332,18267.7013
2016-01-14,2016-01-14,166,0,NDAY,169.3097,PNL,171.4356,28267.7013,352.8916,0.0125,18620.5929
2016-01-21,2016-01-21,172,0,NDAY,166.3264,PNL,166.7551,28620.5929,73.7427,0.0026,18694.3356
2016-02-04,2016-02-04,168,0,NDAY,170.3459,PNL,171.1409,28694.3356,133.5542,0.0047,18827.8898
2016-02-25,2016-02-25,166,0,NDAY,173.0434,PNL,174.6601,28827.8898,268.3752,0.0093,19096.265
2016-03-10,2016-03-11,162,1,NDAY,178.6082,PNL,181.1092,29096.265,405.1588,0.0139,19501.4238
2016-04-07,2016-04-12,160,3,NDAY,184.1801,PNL,184.8804,29501.4238,112.049,0.0038,19613.4728
2016-04-28,2016-05-06,158,6,NDAY,187.1609,EXPIRY,184.7008,29613.4728,-388.69,-0.0131,19224.7828
2016-05-19,2016-05-19,159,0,NDAY,183.2105,PNL,183.3362,29224.7828,19.9856,0.0007,19244.7684
2016-06-02,2016-06-02,155,0,NDAY,188.364,PNL,189.3606,29244.7684,154.471,0.0053,19399.2394
2016-07-07,2016-07-08,155,1,NDAY,189.4067,PNL,191.9156,29399.2394,388.8813,0.0132,19788.1207
2016-08-04,2016-08-04,152,0,NDAY,195.2188,PNL,195.3091,29788.1207,13.7179,0.0005,19801.8386
2016-08-18,2016-08-18,151,0,NDAY,197.0508,PNL,197.5201,29801.8386,70.8639,0.0024,19872.7026
2016-08-25,2016-08-25,152,0,NDAY,196.2025,PNL,196.4732,29872.7026,41.1552,0.0014,19913.8577
2016-09-01,2016-09-01,152,0,NDAY,196.1754,PNL,196.1935,29913.8577,2.7436,0.0001,19916.6013
2016-09-15,2016-09-15,155,0,NDAY,192.1954,PNL,194.2892,29916.6013,324.536,0.0108,20241.1373
2016-09-22,2016-09-22,153,0,NDAY,196.8308,PNL,196.994,30241.1373,24.9789,0.0008,20266.1162
2016-10-06,2016-10-06,154,0,NDAY,195.3523,PNL,195.7242,30266.1162,57.2714,0.0019,20323.3876
2016-10-13,2016-10-13,157,0,NDAY,192.4406,PNL,193.2116,30323.3876,121.045,0.004,20444.4325
2016-10-20,2016-10-20,156,0,NDAY,193.9917,PNL,194.0007,30444.4325,1.415,0.0,20445.8476
2016-10-27,2016-11-02,156,4,NDAY,194.6357,STOP_OUT,190.2456,30445.8476,-684.8566,-0.0225,19760.991
2016-11-03,2016-11-07,156,2,NDAY,190.4723,PNL,193.3386,29760.991,447.1452,0.015,20208.1362
2017-01-12,2017-01-12,146,0,NDAY,206.6587,PNL,206.6861,30208.1362,3.9963,0.0001,20212.1325
2017-01-19,2017-01-24,145,3,NDAY,206.9689,PNL,207.6624,30212.1325,100.547,0.0033,20312.6795
2017-02-09,2017-02-09,144,0,NDAY,209.1587,PNL,210.3996,30312.6795,178.6845,0.0059,20491.364
2017-03-02,2017-03-10,139,6,NDAY,218.5747,EXPIRY,216.8684,30491.364,-237.1641,-0.0078,20254.1999
2017-03-16,2017-03-24,138,6,NDAY,218.1641,EXPIRY,214.3023,30254.1999,-532.9287,-0.0176,19721.2712
2017-05-04,2017-05-05,135,1,NDAY,218.8566,PNL,219.6538,29721.2712,107.6294,0.0036,19828.9006
2017-05-11,2017-05-11,135,0,NDAY,219.3331,PNL,219.3606,29828.9006,3.7101,0.0001,19832.6107
2017-05-18,2017-05-18,138,0,NDAY,216.0159,PNL,216.9689,29832.6107,131.5174,0.0044,19964.1281
2017-06-08,2017-06-08,134,0,NDAY,223.3835,PNL,223.3926,29964.1281,1.2279,0.0,19965.356
2017-06-22,2017-06-23,133,1,NDAY,223.727,PNL,223.8835,29965.356,20.8172,0.0007,19986.1732
2017-06-29,2017-07-10,133,6,NDAY,224.3716,EXPIRY,223.1837,29986.1732,-157.9891,-0.0053,19828.1841
2017-07-13,2017-07-13,132,0,NDAY,224.703,PNL,225.0714,29828.1841,48.6203,0.0016,19876.8043
2017-07-27,2017-08-04,130,6,NDAY,228.3311,EXPIRY,227.8247,29876.8043,-65.8394,-0.0022,19810.965
2017-08-10,2017-08-14,131,2,NDAY,226.7933,PNL,227.0236,29810.965,30.1678,0.001,19841.1328
2017-08-17,2017-08-25,131,6,NDAY,226.7473,EXPIRY,225.2004,29841.1328,-202.6519,-0.0068,19638.4809
2017-09-07,2017-09-11,130,2,NDAY,227.6774,PNL,229.4822,29638.4809,234.6268,0.0079,19873.1077
2017-09-21,2017-09-27,129,4,NDAY,231.2411,PNL,231.3984,29873.1077,20.2891,0.0007,19893.3967
2017-09-28,2017-09-28,129,0,NDAY,231.1022,PNL,231.676,29893.3967,74.0154,0.0025,19967.4121
2017-10-26,2017-10-27,126,1,NDAY,236.8953,PNL,238.487,29967.4121,200.5567,0.0067,20167.9688
2017-11-02,2017-11-02,126,0,NDAY,238.2094,PNL,238.376,30167.9688,20.9883,0.0007,20188.957
2017-11-09,2017-11-09,126,0,NDAY,238.5056,PNL,238.9128,30188.957,51.3047,0.0017,20240.2617
2017-12-14,2017-12-15,122,1,NDAY,247.1674,PNL,247.8912,30240.2617,88.3092,0.0029,20328.5709
2017-12-21,2017-12-28,121,4,NDAY,249.0353,PNL,249.1563,30328.5709,14.6359,0.0005,20343.2067
2018-01-18,2018-01-19,116,1,NDAY,259.9552,PNL,260.8202,30343.2067,100.3392,0.0033,20443.5459
2018-02-01,2018-02-01,116,0,NDAY,261.4341,PNL,261.9085,30443.5459,55.0249,0.0018,20498.5708
2018-02-22,2018-02-23,120,1,NDAY,252.1607,PNL,255.5183,30498.5708,402.9209,0.0132,20901.4917
2018-03-01,2018-03-05,122,2,NDAY,252.449,PNL,253.1745,30901.4917,88.5115,0.0029,20990.0032
2018-03-08,2018-03-08,121,0,NDAY,254.4394,PNL,254.951,30990.0032,61.903,0.002,21051.9062
2018-03-15,2018-03-23,121,6,NDAY,256.6067,EXPIRY,240.9836,31051.9062,-1890.399,-0.0609,19161.5072
2018-03-29,2018-03-29,119,0,NDAY,243.8506,PNL,245.7463,29161.5072,225.5924,0.0077,19387.0996
2018-04-26,2018-04-26,118,0,NDAY,247.2779,PNL,248.6973,29387.0996,167.4968,0.0057,19554.5964
2018-05-17,2018-05-17,116,0,NDAY,253.955,PNL,254.0203,29554.5964,7.5841,0.0003,19562.1804
2018-05-24,2018-06-01,115,5,NDAY,254.8608,PNL,255.5051,29562.1804,74.0951,0.0025,19636.2756
2018-06-14,2018-06-22,113,6,NDAY,260.5574,EXPIRY,257.7219,29636.2756,-320.4174,-0.0108,19315.8582
2018-06-28,2018-06-28,116,0,NDAY,252.6095,PNL,254.1104,29315.8582,174.1035,0.0059,19489.9617
2018-07-26,2018-07-26,111,0,NDAY,265.6579,PNL,265.7892,29489.9617,14.5764,0.0005,19504.538
2018-08-30,2018-09-10,108,6,NDAY,272.9184,EXPIRY,270.2544,29504.538,-287.7116,-0.0098,19216.8265
2018-09-27,2018-09-27,106,0,NDAY,273.6544,PNL,273.9183,29216.8265,27.9676,0.001,19244.794
2018-11-15,2018-11-15,115,0,NDAY,253.2724,PNL,257.2678,29244.794,459.4663,0.0157,19704.2603
2018-12-06,2018-12-06,118,0,NDAY,250.5774,PNL,254.2712,29704.2603,435.8709,0.0147,20140.1312
2018-12-13,2018-12-20,120,5,NDAY,251.1428,STOP_OUT,232.9092,30140.1312,-2188.0284,-0.0726,17952.1028
2018-12-27,2018-12-27,121,0,NDAY,229.9094,PNL,235.1224,27952.1028,630.7653,0.0226,18582.8681
2019-01-10,2019-01-10,117,0,NDAY,242.8849,PNL,245.3682,28582.8681,290.5395,0.0102,18873.4076
2019-01-24,2019-01-24,115,0,NDAY,249.4721,PNL,249.7944,28873.4076,37.0592,0.0013,18910.4668
2019-01-31,2019-01-31,114,0,NDAY,253.5478,PNL,255.8414,28910.4668,261.4787,0.009,19171.9455
2019-03-07,2019-03-11,111,2,NDAY,262.3812,PNL,263.9072,29171.9455,169.385,0.0058,19341.3306
2019-03-21,2019-03-21,109,0,NDAY,267.1641,PNL,271.0577,29341.3306,424.4028,0.0145,19765.7334
2019-04-04,2019-04-04,109,0,NDAY,273.0092,PNL,273.39,29765.7334,41.5053,0.0014,19807.2388
2019-04-11,2019-04-12,108,1,NDAY,274.9608,PNL,276.2269,29807.2388,136.739,0.0046,19943.9777
2019-04-18,2019-04-22,108,1,NDAY,276.1698,PNL,276.3316,29943.9777,17.4703,0.0006,19961.4481
2019-05-09,2019-05-09,110,0,NDAY,271.5336,PNL,272.895,29961.4481,149.7456,0.005,20111.1937
2019-05-30,2019-06-04,113,3,NDAY,265.7075,PNL,267.0593,30111.1937,152.7501,0.0051,20263.9438
2019-06-13,2019-06-13,109,0,NDAY,275.5034,PNL,275.6748,30263.9438,18.6779,0.0006,20282.6217
2019-06-27,2019-06-27,108,0,NDAY,278.6705,PNL,278.8522,30282.6217,19.6297,0.0006,20302.2514
2019-07-18,2019-07-18,106,0,NDAY,284.2954,PNL,285.8642,30302.2514,166.2963,0.0055,20468.5477
2019-08-22,2019-08-30,108,6,NDAY,280.5072,EXPIRY,279.7611,30468.5477,-80.5778,-0.0026,20387.9698
2019-09-26,2019-10-04,106,6,NDAY,286.0311,EXPIRY,282.8789,30387.9698,-334.1298,-0.011,20053.84
2019-10-10,2019-10-10,107,0,NDAY,279.8324,PNL,281.8122,30053.84,211.83,0.007,20265.67
2019-10-24,2019-10-25,104,1,NDAY,289.1833,PNL,289.8464,30265.67,68.967,0.0023,20334.637
2019-11-07,2019-11-08,102,1,NDAY,296.5447,PNL,296.9004,30334.637,36.2762,0.0012,20370.9133
2019-11-21,2019-11-22,101,1,NDAY,298.7743,PNL,298.8416,30370.9133,6.7895,0.0002,20377.7028
2019-12-12,2019-12-12,100,0,NDAY,302.1764,PNL,304.7712,30377.7028,259.4789,0.0085,20637.1817
2019-12-19,2019-12-19,99,0,NDAY,307.3372,PNL,308.3943,30637.1817,104.6561,0.0034,20741.8377
2019-12-26,2019-12-26,98,0,NDAY,310.6348,PNL,311.8806,30741.8377,122.0916,0.004,20863.9293
2020-01-02,2020-01-02,98,0,NDAY,312.46,PNL,313.7445,30863.9293,125.8754,0.0041,20989.8047
2020-01-09,2020-01-09,98,0,NDAY,314.9903,PNL,315.4635,30989.8047,46.3746,0.0015,21036.1793
2020-01-16,2020-01-16,97,0,NDAY,318.4091,PNL,319.5873,31036.1793,114.2873,0.0037,21150.4666
2020-02-13,2020-02-13,96,0,NDAY,324.3581,PNL,325.517,31150.4666,111.2558,0.0036,21261.7224
2020-02-27,2020-03-02,105,2,NDAY,294.9992,PNL,298.5049,31261.7224,368.1001,0.0118,21629.8225
2020-03-05,2020-03-09,107,2,NDAY,294.5357,STOP_OUT,264.8387,31629.8225,-3177.5789,-0.1005,18452.2436
2020-04-02,2020-04-02,119,0,NDAY,238.1856,PNL,244.636,28452.2436,767.5875,0.027,19219.831
2020-04-09,2020-04-09,108,0,NDAY,269.6504,PNL,270.2527,29219.831,65.0492,0.0022,19284.8803
2020-04-23,2020-04-24,107,1,NDAY,272.4772,PNL,274.8864,29284.8803,257.7822,0.0088,19542.6625
2020-04-30,2020-05-08,104,6,NDAY,283.3767,PNL,284.0858,29542.6625,73.7523,0.0025,19616.4148
2020-05-14,2020-05-14,109,0,NDAY,270.9812,PNL,276.8292,29616.4148,637.4338,0.0215,20253.8486
2020-05-21,2020-05-26,104,2,NDAY,288.3117,PNL,290.5362,30253.8486,231.3483,0.0076,20485.197
2020-05-28,2020-06-01,103,2,NDAY,295.947,PNL,296.8214,30485.197,90.0552,0.003,20575.2522
2020-06-18,2020-06-18,101,0,NDAY,301.1539,PNL,302.8734,30575.2522,173.6621,0.0057,20748.9142
2020-06-25,2020-06-25,103,0,NDAY,296.098,PNL,299.8838,30748.9142,389.9329,0.0127,21138.8471
2020-07-09,2020-07-10,100,1,NDAY,309.1433,PNL,309.875,31138.8471,73.1749,0.0023,21212.022
2020-07-23,2020-07-31,97,6,NDAY,318.5393,PNL,318.5881,31212.022,4.7332,0.0002,21216.7552
2020-08-13,2020-08-13,95,0,NDAY,328.433,PNL,328.6476,31216.7552,20.3923,0.0007,21237.1475
2020-09-10,2020-09-18,93,6,NDAY,333.5165,EXPIRY,323.9092,31237.1475,-893.4755,-0.0286,20343.672
2020-10-01,2020-10-05,91,2,NDAY,330.8057,PNL,332.8335,30343.672,184.5335,0.0061,20528.2055
2020-10-08,2020-10-08,90,0,NDAY,335.8605,PNL,336.7715,30528.2055,81.9928,0.0027,20610.1983
2020-10-15,2020-10-15,90,0,NDAY,336.7029,PNL,340.4157,30610.1983,334.147,0.0109,20944.3453
2020-10-22,2020-10-22,92,0,NDAY,335.9683,PNL,337.5846,30944.3453,148.7053,0.0048,21093.0507
2020-10-29,2020-10-29,97,0,NDAY,320.2455,PNL,323.2529,31093.0507,291.7201,0.0094,21384.7708
2020-12-24,2020-12-24,86,0,NDAY,362.1132,PNL,363.0182,31384.7708,77.8383,0.0025,21462.609
2020-12-31,2020-12-31,86,0,NDAY,365.7532,PNL,367.8192,31462.609,177.6724,0.0056,21640.2814
2021-01-14,2021-01-20,84,3,NDAY,374.4203,PNL,377.6669,31640.2814,272.7084,0.0086,21912.9898
2021-01-28,2021-01-28,86,0,NDAY,370.2589,PNL,371.5084,31912.9898,107.4503,0.0034,22020.4401
2021-02-18,2021-02-18,83,0,NDAY,383.2745,PNL,384.3861,32020.4401,92.2696,0.0029,22112.7097
2021-03-04,2021-03-05,85,1,NDAY,375.0402,PNL,377.4111,32112.7097,201.5301,0.0063,22314.2398
2021-03-18,2021-03-26,83,6,NDAY,388.0852,PNL,390.8368,32314.2398,228.3805,0.0071,22542.6203
2021-04-22,2021-04-23,79,1,NDAY,410.4882,PNL,411.3271,32542.6203,66.2754,0.002,22608.8957
2021-04-29,2021-05-07,78,6,NDAY,414.8606,PNL,416.6372,32608.8957,138.5754,0.0042,22747.471
2021-05-20,2021-05-20,80,0,NDAY,406.4513,PNL,409.8861,32747.471,274.7848,0.0084,23022.2558
2021-05-27,2021-06-02,79,3,NDAY,414.7126,PNL,414.8705,33022.2558,12.4733,0.0004,23034.7291
2021-06-03,2021-06-03,80,0,NDAY,412.4227,PNL,413.3308,33034.7291,72.6425,0.0022,23107.3716
2021-06-10,2021-06-10,79,0,NDAY,417.4664,PNL,418.1079,33107.3716,50.683,0.0015,23158.0546
2021-06-17,2021-06-17,79,0,NDAY,416.1931,PNL,416.4892,33158.0546,23.3914,0.0007,23181.446
2021-07-01,2021-07-01,78,0,NDAY,424.6845,PNL,426.2292,33181.446,120.4917,0.0036,23301.9377
2021-07-08,2021-07-08,78,0,NDAY,424.5953,PNL,426.7144,33301.9377,165.2917,0.005,23467.2294
2021-07-15,2021-07-22,77,5,NDAY,430.5665,PNL,431.2101,33467.2294,49.5607,0.0015,23516.7901
2021-07-29,2021-07-29,76,0,NDAY,435.5276,PNL,436.3495,33516.7901,62.4629,0.0019,23579.253
2021-08-19,2021-08-19,77,0,NDAY,432.0122,PNL,435.5672,33579.253,273.7322,0.0082,23852.9852
2021-09-02,2021-09-13,75,6,NDAY,448.8958,EXPIRY,442.2216,33852.9852,-500.5658,-0.0148,23352.4193
2021-09-16,2021-09-24,75,6,NDAY,442.9544,EXPIRY,440.9859,33352.4193,-147.6342,-0.0044,23204.7851
2021-09-30,2021-10-07,76,5,NDAY,433.1479,PNL,435.7705,33204.7851,199.319,0.006,23404.1042
2021-10-14,2021-10-14,76,0,NDAY,436.1877,PNL,439.5852,33404.1042,258.2086,0.0077,23662.3128
2021-10-28,2021-10-28,74,0,NDAY,452.4598,PNL,455.301,33662.3128,210.2474,0.0062,23872.5602
2021-11-11,2021-11-12,73,1,NDAY,462.1456,PNL,464.192,33872.5602,149.3883,0.0044,24021.9485
2021-12-02,2021-12-02,75,0,NDAY,447.761,PNL,454.387,34021.9485,496.9533,0.0146,24518.9018
2021-12-30,2022-01-07,72,6,NDAY,476.4498,EXPIRY,464.6465,34518.9018,-849.8396,-0.0246,23669.0622
2022-01-20,2022-01-21,74,1,NDAY,452.3447,STOP_OUT,436.6236,33669.0622,-1163.3644,-0.0346,22505.6978
2022-02-24,2022-02-24,79,0,NDAY,409.7471,PNL,426.9735,32505.6978,1360.8922,0.0419,23866.59
2022-03-03,2022-03-11,77,6,NDAY,439.1059,EXPIRY,418.769,33866.59,-1565.9358,-0.0462,22300.6542
2022-04-07,2022-04-07,72,0,NDAY,445.59,PNL,448.77,32300.6542,228.9593,0.0071,22529.6135
2022-04-14,2022-04-19,73,2,NDAY,443.55,PNL,445.04,32529.6135,108.7715,0.0033,22638.3849
2022-04-28,2022-04-28,77,0,NDAY,422.29,PNL,427.81,32638.3849,425.0392,0.013,23063.4241
2022-05-12,2022-05-12,85,0,NDAY,387.6953,PNL,390.6525,33063.4241,251.3642,0.0076,23314.7883
2022-06-02,2022-06-02,81,0,NDAY,407.659,PNL,415.5948,33314.7883,642.7933,0.0193,23957.5817
2022-06-16,2022-06-21,92,2,NDAY,368.9164,PNL,375.07,33957.5817,566.1305,0.0167,24523.7121
2022-06-30,2022-06-30,91,0,NDAY,376.24,PNL,377.25,34523.7121,91.9109,0.0027,24615.623
2022-07-14,2022-07-14,92,0,NDAY,373.61,PNL,377.91,34615.623,395.6009,0.0114,25011.224
2022-07-28,2022-07-28,87,0,NDAY,401.89,PNL,406.07,35011.224,363.66,0.0104,25374.884
2022-08-04,2022-08-10,85,4,NDAY,414.37,PNL,419.99,35374.884,477.6991,0.0135,25852.5831
2022-08-11,2022-08-12,84,1,NDAY,422.99,PNL,427.1,35852.5831,345.2417,0.0096,26197.8248
2022-08-25,2022-08-25,87,0,NDAY,415.24,PNL,419.51,36197.8248,371.4917,0.0103,26569.3165
2022-09-01,2022-09-01,93,0,NDAY,392.89,PNL,396.42,36569.3165,328.29,0.009,26897.6065
2022-09-08,2022-09-08,93,0,NDAY,395.39,PNL,400.38,36897.6065,464.0691,0.0126,27361.6756
2022-09-15,2022-09-23,95,6,NDAY,392.96,EXPIRY,367.95,37361.6756,-2375.9481,-0.0636,24985.7275
2022-09-29,2022-10-04,95,3,NDAY,366.81,PNL,377.97,34985.7275,1060.2,0.0303,26045.9275
2022-10-13,2022-10-13,103,0,NDAY,349.21,PNL,365.97,36045.9275,1726.281,0.0479,27772.2085
2022-10-20,2022-10-21,102,1,NDAY,368.03,PNL,374.29,37772.2085,638.521,0.0169,28410.7296
2022-11-03,2022-11-04,103,1,NDAY,371.47,PNL,376.35,38410.7296,502.641,0.0131,28913.3706
2022-11-17,2022-11-17,99,0,NDAY,390.46,PNL,394.24,38913.3706,374.22,0.0096,29287.5906
2022-12-01,2022-12-09,96,6,NDAY,408.77,EXPIRY,393.28,39287.5906,-1487.039,-0.0379,27800.5515
2022-12-15,2022-12-23,95,6,NDAY,394.3,EXPIRY,382.91,37800.5515,-1082.049,-0.0286,26718.5025
2022-12-29,2022-12-29,96,0,NDAY,379.63,PNL,383.44,36718.5025,365.76,0.01,27084.2625
2023-01-05,2023-01-06,97,1,NDAY,381.72,PNL,388.08,37084.2625,616.919,0.0166,27701.1815
2023-01-19,2023-01-20,96,1,NDAY,389.36,PNL,395.88,37701.1815,625.921,0.0166,28327.1025
2023-02-23,2023-03-03,95,6,NDAY,401.56,PNL,404.19,38327.1025,249.85,0.0065,28576.9525
2023-03-09,2023-03-17,96,6,NDAY,399.74,EXPIRY,389.99,38576.9525,-936.0,-0.0243,27640.9525
2023-03-30,2023-03-31,93,1,NDAY,404.09,PNL,409.39,37640.9525,492.9009,0.0131,28133.8534
2023-04-06,2023-04-06,93,0,NDAY,406.77,PNL,409.19,38133.8534,225.0609,0.0059,28358.9143
2023-04-13,2023-04-13,93,0,NDAY,409.18,PNL,413.47,38358.9143,398.9709,0.0104,28757.8853
2023-04-20,2023-04-20,94,0,NDAY,411.21,PNL,411.88,38757.8853,62.9809,0.0016,28820.8662
2023-04-27,2023-04-27,95,0,NDAY,407.0,PNL,412.41,38820.8662,513.95,0.0132,29334.8162
2023-05-04,2023-05-05,96,1,NDAY,406.93,PNL,412.63,39334.8162,547.201,0.0139,29882.0172
2023-05-11,2023-05-11,96,0,NDAY,411.95,PNL,412.13,39882.0172,17.279,0.0004,29899.2962
2023-05-18,2023-05-18,96,0,NDAY,414.9,PNL,419.23,39899.2962,415.6819,0.0104,30314.9781
2023-05-25,2023-05-26,97,1,NDAY,414.74,PNL,420.02,40314.9781,512.16,0.0127,30827.1381
2023-06-01,2023-06-01,97,0,NDAY,418.09,PNL,421.82,40827.1381,361.811,0.0089,31188.9491
2023-06-22,2023-06-22,94,0,NDAY,433.95,PNL,436.51,41188.9491,240.64,0.0058,31429.5891
2023-08-17,2023-08-23,93,4,NDAY,441.16,PNL,443.03,41429.5891,173.91,0.0042,31603.4991
2023-08-24,2023-08-29,93,3,NDAY,444.69,PNL,449.16,41603.4991,415.71,0.01,32019.2091
2023-09-07,2023-09-07,94,0,NDAY,443.11,PNL,444.85,42019.2091,163.5619,0.0039,32182.771
2023-09-14,2023-09-14,93,0,NDAY,449.07,PNL,450.36,42182.771,119.9681,0.0028,32302.7391
2023-09-28,2023-09-28,99,0,NDAY,425.48,PNL,428.52,42302.7391,300.958,0.0071,32603.6971
2023-10-05,2023-10-05,100,0,NDAY,424.36,PNL,424.5,42603.6971,14.001,0.0003,32617.6981
2024-01-18,2024-01-18,89,0,NDAY,474.01,PNL,476.49,42617.6981,220.7182,0.0052,32838.4164
2024-02-15,2024-02-15,85,0,NDAY,499.29,PNL,502.01,42838.4164,231.2,0.0054,33069.6164
2024-02-22,2024-02-22,85,0,NDAY,504.01,PNL,507.5,43069.6164,296.6491,0.0069,33366.2655
